"Days_before_onset","DataSet","Feature","P.val","Mean.Emp","Mean.Null","Diff","P.val.adj","Adj_Stars"
0,"Plus BacIrep","Anaerococcus_vir",3.47103192040957e-08,0.174077972245293,0.0622698386366465,0.111808133608646,4.59911729454268e-06,"***"
0,"Plus BacIrep","Collinsella_vir",0.00189611839646508,0.16270520893531,0.0516232232060847,0.111081985729225,0.0279150763924026,"*"
0,"Plus BacIrep","Corynebacterium_vir",0.000115838676814689,0.287817680961918,0.113587528771656,0.174230152190262,0.0051162082259821,"**"
0,"Plus BacIrep","Cronobacter_vir",0.000439229503296173,0.299182960426461,0.11534075896601,0.183842201460451,0.0116395818373486,"*"
0,"Plus BacIrep","Cutibacterium_vir",1.48581403401608e-06,0.357475242380219,0.0619665175020561,0.295508724878163,9.84351797535653e-05,"***"
0,"Plus BacIrep","Dickeya_vir",3.27113069931069e-09,0.651659504783723,0.145071508369284,0.506587996414439,8.66849635317333e-07,"***"
0,"Plus BacIrep","Duncaniella_vir",0.00263661146819768,0.354277299032268,0.149055959948273,0.205221339083995,0.0332715256701136,"*"
0,"Plus BacIrep","Eisenbergiella_vir",1.58724910736822e-07,0.682562528590201,0.155244893832039,0.527317634758162,1.40207004484193e-05,"***"
0,"Plus BacIrep","Enterobacter_vir",0.00181031600523188,0.545380154290571,0.276164949192234,0.269215205098337,0.0279150763924026,"*"
0,"Plus BacIrep","Hungatella_vir",0.00092180625296657,0.590023715405455,0.100744786380427,0.489278929025028,0.0174484755025815,"*"
0,"Plus BacIrep","Izhakiella_vir",0.00170589448769048,0.689362381191741,0.13527713815668,0.554085243035061,0.0279150763924026,"*"
0,"Plus BacIrep","Johnsonella_vir",7.98576789707465e-05,0.902658708327558,0.199580534788256,0.703078173539302,0.00423245698544956,"**"
0,"Plus BacIrep","Klebsiella_vir",0.000993190907745447,0.43493318257208,0.0904039531560314,0.344529229416049,0.0175463727035029,"*"
0,"Plus BacIrep","Lactobacillus_vir",0.000236366912861985,0.114319308954574,0.0421767160079821,0.0721425929465919,0.00782965398855325,"**"
0,"Plus BacIrep","Rahnella_vir",0.000806362665217652,0.20599741730104,0.0664833984865369,0.139514018814503,0.0164373927909752,"*"
0,"Plus BacIrep","Renibacterium_vir",0.000489394202013183,0.305525962961242,0.080797784841484,0.224728178119758,0.0117899512303176,"*"
0,"Plus BacIrep","Romboutsia_vir",0.000319572190883987,0.29795298693703,0.109159718032311,0.188793268904719,0.00940962562047295,"**"
0,"Plus BacIrep","Rubneribacter_vir",0.00249418874102419,0.380822613031594,0.160065915132364,0.22075669789923,0.0330480008185705,"*"
0,"Plus BacIrep","Salmonella_vir",0.000136691313232142,0.235544315559147,0.0911132145259833,0.144431101033164,0.00517474257235966,"**"
0,"Plus BacIrep","Clostridium_cuniculi_vir",0.000657288121905915,0.0970789973690766,0.0513981160357397,0.0456808813333369,0.014515112692089,"*"
0,"Plus BacIrep","Clostridium_neonatale_vir",0.00242957206092483,0.0983172501068222,0.0490218787593511,0.0492953713474711,0.0330480008185705,"*"
0,"Plus BacIrep","Veillonella_infantium_iRep",0.00371039796469404,0.331602535507042,0.134706376548697,0.196896158958345,0.0446934300292691,"*"
0,"Plus BacPath","Anaerococcus_vir",0.000135257650118038,0.0169759772916656,0.00941984839179691,0.00755612889986869,0.0389590657890921,"*"
0,"Plus BacPath","Arabia_vir",0.000263236931007379,0.00430590029054414,0.00211413363632343,0.00219176665422071,0.0389590657890921,"*"
0,"Plus BacRest","Anaerococcus_vir",9.03726665158562e-06,0.033000052324846,0.0116268634793447,0.0213731888455013,0.00323986009459344,"**"
0,"Plus BacRest","Eggerthella_vir",0.000403606304894024,0.134368114027562,0.0419907100616996,0.0923774039658624,0.0194226212268368,"*"
0,"Plus BacRest","Enterococcus_vir",1.30802147882633e-06,0.39128578531351,0.0295913760839384,0.361694409229572,0.000937851400318479,"***"
0,"Plus BacRest","Enteroscipio_vir",4.35106757938785e-05,0.257208873888794,0.0630347613840968,0.194174112504697,0.00623943090884218,"**"
0,"Plus BacRest","Lactobacillus_vir",0.000898767544771356,0.418723484755409,0.0455505041703516,0.373172980585057,0.0322208164800531,"*"
0,"Plus BacRest","Mediterraneibacter_vir",0.000152193887823033,0.0455504921533432,0.00954795904993221,0.036002533103411,0.0116509066574635,"*"
0,"Plus BacRest","Renibacterium_vir",0.00144309112751493,0.0648959968771488,0.0164602999437054,0.0484356969334434,0.0413878535371282,"*"
0,"Plus BacRest","Romboutsia_vir",0.000432188608609654,0.142531088970565,0.040227871187121,0.102303217783444,0.0194226212268368,"*"
0,"Plus BacRest","Rubneribacter_vir",7.22840970238967e-05,0.141560450402858,0.0312222108568484,0.11033823954601,0.00688437137165574,"**"
0,"Plus BacRest","Salmonella_vir",4.01425355092603e-05,0.147314839342575,0.0320005477112512,0.115314291631324,0.00623943090884218,"**"
0,"Plus BacRest","Serratia_vir",0.000162495211401165,0.122999085209783,0.0314320721646961,0.0915670130450869,0.0116509066574635,"*"
0,"Plus BacRest","Shigella_vir",0.000433419720543081,0.152098158517763,0.0352276633213877,0.116870495196375,0.0194226212268368,"*"
0,"Plus BacRest","Sodalis_vir",0.000799896771822436,0.0857555557211665,0.0277988744655993,0.0579566812555672,0.030185578178773,"*"
0,"Plus BacRest","Staphylococcus_vir",0.00111539419702623,0.0642395142647663,0.024921052652262,0.0393184616125043,0.0337999212158878,"*"
0,"Plus BacRest","Yersinia_pseudotuberculosis_vir",7.68130696976931e-05,0.147637793653323,0.0505870302929563,0.0970507633603667,0.00688437137165574,"**"
0,"Plus BacRest","BLEOMYCIN_rest",6.4498750407058e-05,0.212995569176303,0.0474231785639138,0.165572390612389,0.00688437137165574,"**"
0,"Plus BacRest","COLISTIN_rest",3.00262461702679e-05,0.135439082494706,0.0456421816373343,0.0897969008573717,0.00623943090884218,"**"
0,"Plus BacRest","EFFLUX_rest",0.000306988903596662,0.180132461209671,0.068526208736501,0.11160625247317,0.0179720230390443,"*"
0,"Plus BacRest","LINCOSAMIDE.STREPTOGRAMIN_rest",0.000325852579508474,0.118098065462035,0.044300235014514,0.073797830447521,0.0179720230390443,"*"
0,"Plus BacRest","LIPOPEPTIDE_rest",0.00104682126112872,0.143945479351887,0.0509177604630152,0.0930277188888718,0.0337999212158878,"*"
0,"Plus BacRest","MACROLIDE_rest",0.000694930308594585,0.130902660457567,0.0561239061728388,0.0747787542847282,0.0281284288580368,"*"
0,"Plus BacRest","X1022678466.WP_063434356_1.1.1.blaACT.95.blaACT.hydrolase.2.CEPHALOSPORIN.BETA.LACTAM.cephalosporin.hydrolyzing_class_C_beta.lactamase_ACT.95_rest",0.000325847928082445,0.0395185609306968,0.0155276944314288,0.023990866499268,0.0179720230390443,"*"
0,"Plus BacRest","X1028083971.WP_063842939_1.1.1.blaSRT.blaSRT.hydrolase.2.CEPHALOSPORIN.BETA.LACTAM.SRT_SST_family_class_C_beta.lactamase_rest",0.00113137811601298,0.0462068193027932,0.0207196855073189,0.0254871337954743,0.0337999212158878,"*"
0,"Plus BacRest","X1028084240.WP_063843208_1.1.1.catA4.catA4.acetyltransferase.2.CHLORAMPHENICOL.PHENICOL.type_A.4_chloramphenicol_O.acetyltransferase_rest",0.00105266074250948,0.0520887524790846,0.016792717441082,0.0352960350380026,0.0337999212158878,"*"
0,"Plus BacRest","X490283234.WP_004179093_1.1.1.pmrB.pmrB.mutation.2...two.component_system_sensor_histidine_kinase_PmrB_rest",0.000706153025724774,0.0593733636452493,0.0214879148459016,0.0378854487993477,0.0281284288580368,"*"
0,"Plus BacTaxa","Anaerococcus_vir",7.19814054230249e-07,0.121886004492967,0.0439574682253159,0.0779285362676511,9.06965708330114e-05,"***"
0,"Plus BacTaxa","Collinsella_vir",0.000733511600927249,0.137547555436626,0.028145533738839,0.109402021697787,0.014593020271079,"*"
0,"Plus BacTaxa","Corynebacterium_vir",1.81461700239025e-05,0.21420743435796,0.0589508398110403,0.15525659454692,0.00111169424935173,"**"
0,"Plus BacTaxa","Cronobacter_vir",3.08308460004645e-05,0.23615319578147,0.0622734841816746,0.173879711599795,0.00145675747352195,"**"
0,"Plus BacTaxa","Cutibacterium_vir",2.58501034908993e-06,0.309305156249456,0.0492204259768221,0.260084730272634,0.000244283477988998,"***"
0,"Plus BacTaxa","Dickeya_vir",1.3320340189505e-09,0.51523937563688,0.0889884406466056,0.426250934990274,5.03508859163289e-07,"***"
0,"Plus BacTaxa","Duncaniella_vir",0.000164952829083659,0.287334083268993,0.0786305379984503,0.208703545270543,0.00519601411613526,"**"
0,"Plus BacTaxa","Eggerthella_vir",0.000687426412610178,0.324816530554983,0.0884446401969361,0.236371890358047,0.014593020271079,"*"
0,"Plus BacTaxa","Eisenbergiella_vir",4.21927767529914e-07,0.607108065311569,0.130577144943888,0.476530920367681,7.97443480631537e-05,"***"
0,"Plus BacTaxa","Enterobacter_vir",4.4525577610333e-05,0.488785353622951,0.187353023763578,0.301432329859373,0.00187007425963399,"**"
0,"Plus BacTaxa","Hungatella_vir",0.00186191018024901,0.462954263727249,0.0729895731669088,0.38996469056034,0.0263087822971646,"*"
0,"Plus BacTaxa","Izhakiella_vir",0.00187919873551176,0.645080567968606,0.0953729969166681,0.549707571051938,0.0263087822971646,"*"
0,"Plus BacTaxa","Johnsonella_vir",7.50935854998171e-05,0.796280040702427,0.134371685039956,0.661908355662471,0.00283853753189309,"**"
0,"Plus BacTaxa","Klebsiella_vir",0.0041155766955057,0.383493482774863,0.0859021384741233,0.29759134430074,0.0486152497156611,"*"
0,"Plus BacTaxa","Lactobacillus_vir",0.00033973219469134,0.0875562623661557,0.0317856722421447,0.055770590124011,0.00913873325831447,"**"
0,"Plus BacTaxa","Rahnella_vir",0.00102001814237698,0.159444633646059,0.0409829215392857,0.118461712106773,0.0181375512392946,"*"
0,"Plus BacTaxa","Ralstonia_vir",0.00105562467530286,0.198533029455466,0.0542972096960122,0.144235819759454,0.0181375512392946,"*"
0,"Plus BacTaxa","Raoultella_vir",1.76822628014678e-05,0.282474100593515,0.079866671077536,0.202607429515979,0.00111169424935173,"**"
0,"Plus BacTaxa","Renibacterium_vir",0.001306506917433,0.252728994748213,0.0645140707989863,0.188214923949227,0.0214721571647684,"*"
0,"Plus BacTaxa","Robinsoniella_vir",0.000210571246481761,0.277605835977096,0.0907449225269863,0.18686091345011,0.00612276393616197,"**"
0,"Plus BacTaxa","Romboutsia_vir",0.000362648145171209,0.233520918941095,0.0770644140679536,0.156456504873141,0.00913873325831447,"**"
0,"Plus BacTaxa","Rubneribacter_vir",0.000163565871262001,0.321884655381286,0.0909271908765373,0.230957464504749,0.00519601411613526,"**"
0,"Plus BacTaxa","Salmonella_vir",2.05869305435505e-05,0.184441679806841,0.0516166296355683,0.132825050171273,0.00111169424935173,"**"
0,"Plus BacTaxa","Clostridium_cuniculi_vir",0.00150499161525191,0.0707892855445033,0.0353718865358079,0.0354173990086954,0.0237036179402176,"*"
0,"Plus BacTaxa","Clostridium_disporicum_vir",0.00224445386950112,0.0724106563019078,0.0366940555862382,0.0357166007156696,0.0303001272382651,"*"
0,"Plus BacTaxa","Veillonella_parvula_vir",0.00299262834880564,0.123037574185946,0.0547500242450732,0.0682875499408728,0.0377071171949511,"*"
0,"Plus BacTaxa","Yersinia_enterocolitica_vir",0.000730308388531389,0.147298036192607,0.0567181137125102,0.0905799224800968,0.014593020271079,"*"
0,"Plus BacTaxa","Yersinia_pseudotuberculosis_vir",0.000982304417967975,0.139124639715928,0.0467279354631962,0.0923967042527318,0.0181375512392946,"*"
0,"Plus BacTaxa","Bacteroides_bac",0.00373490107865971,0.0953340856363132,0.037603230554852,0.0577308550814612,0.0455416970236571,"*"
0,"Plus BacTaxa","Streptococcus_sanguinis_bac",0.00042470349370563,0.182671594264351,0.046960281336042,0.135711312928309,0.0100336200387955,"*"
0,"Plus BacTaxa","Veillonella_atypica_bac",0.00158021336415095,0.164470768289835,0.04272207513776,0.121748693152075,0.0238928260659624,"*"
0,"Plus BacTaxa","Veillonella_tobetsuensis_bac",0.0028189951038362,0.327021175454736,0.0774361758934752,0.249584999561261,0.0367441430775891,"*"
0,"VirTaxa","Anaerococcus_vir",7.17845023124487e-08,0.171254995551981,0.0704098476108962,0.100845147941085,6.6400664639015e-06,"***"
0,"VirTaxa","Bariatricus_vir",0.00806584263512551,0.215028153364732,0.146650054238623,0.068378099126109,0.0497393629166073,"*"
0,"VirTaxa","Collinsella_vir",0.000338992524327978,0.21390693190651,0.0676251250682434,0.146281806838267,0.00522613475005633,"**"
0,"VirTaxa","Corynebacterium_vir",1.43416058681623e-05,0.392136390608446,0.140114010379049,0.252022380229397,0.000442199514268338,"***"
0,"VirTaxa","Cronobacter_vir",9.08414721230026e-06,0.397671563732498,0.121995821422781,0.275675742309717,0.00033611344685511,"***"
0,"VirTaxa","Cutibacterium_vir",2.50922740663972e-06,0.457732827065827,0.0877491445329363,0.369983682532891,0.000116051767557087,"***"
0,"VirTaxa","Dickeya_vir",6.57587128076896e-10,0.763542436578292,0.178904929483462,0.58463750709483,1.21653618694226e-07,"***"
0,"VirTaxa","Duncaniella_vir",0.00191039511973271,0.412033444776045,0.167272609684714,0.244760835091331,0.0176711548575276,"*"
0,"VirTaxa","Eggerthella_vir",0.00113391168956007,0.459025242843434,0.151502051139725,0.307523191703709,0.0116540923649229,"*"
0,"VirTaxa","Eisenbergiella_vir",3.22109958960394e-07,0.80382671365253,0.198107352332462,0.605719361320068,1.98634474692243e-05,"***"
0,"VirTaxa","Enterobacter_vir",0.00422461017670987,0.692546580396263,0.372103408349033,0.32044317204723,0.0325647034454719,"*"
0,"VirTaxa","Haemophilus_vir",0.00574786500785854,0.515901009455161,0.0771827144383968,0.438718295016764,0.0379769652304939,"*"
0,"VirTaxa","Holdemanella_vir",0.00410181878533988,0.445858124420626,0.0591938194282265,0.3866643049924,0.0325647034454719,"*"
0,"VirTaxa","Hungatella_vir",0.000853629558418776,0.726765896723738,0.13447867907982,0.592287217643918,0.00928949813573374,"**"
0,"VirTaxa","Izhakiella_vir",0.00165772198976547,0.794054602680088,0.167294449621071,0.626760153059017,0.016140977268769,"*"
0,"VirTaxa","Johnsonella_vir",4.34901000364337e-05,1.12173683027236,0.24541270707486,0.8763241231975,0.00100570856334253,"**"
0,"VirTaxa","Klebsiella_vir",0.00218743886341494,0.526787008949411,0.139688072749921,0.38709893619949,0.0192702947491316,"*"
0,"VirTaxa","Lactobacillus_vir",0.0052627870387449,0.127139663045098,0.0604609380600548,0.0666787249850432,0.037446753929531,"*"
0,"VirTaxa","Rahnella_vir",0.000283819181225366,0.252527671526672,0.0735734406416596,0.178954230885012,0.00517421355847137,"**"
0,"VirTaxa","Ralstonia_vir",0.000597351222251866,0.247009448576771,0.0820932525238678,0.164916196052903,0.00719969833893187,"**"
0,"VirTaxa","Renibacterium_vir",0.000471177370025141,0.329162941062711,0.107732609551305,0.221430331511406,0.00670521641958854,"**"
0,"VirTaxa","Robinsoniella_vir",0.000307655941314514,0.371153022589911,0.144080043678858,0.227072978911053,0.00517421355847137,"**"
0,"VirTaxa","Romboutsia_vir",0.000279308781749286,0.339464622097466,0.138660265602986,0.20080435649448,0.00517421355847137,"**"
0,"VirTaxa","Rubneribacter_vir",0.00062267661309681,0.427232655434726,0.170443263929338,0.256789391505388,0.00719969833893187,"**"
0,"VirTaxa","Salmonella_vir",2.51879289190048e-05,0.278340228543483,0.108621581337248,0.169718647206235,0.000665680978573698,"***"
0,"VirTaxa","Clostridium_celatum_vir",0.00370831708270239,0.120560262178062,0.0675343033729253,0.0530259588051367,0.0311835754681792,"*"
0,"VirTaxa","Clostridium_cuniculi_vir",0.000578912302191679,0.138930654923211,0.0705456053376258,0.0683850495855852,0.00719969833893187,"**"
0,"VirTaxa","Clostridium_disporicum_vir",0.00573947245797284,0.142982615284182,0.0779548494157142,0.0650277658684678,0.0379769652304939,"*"
0,"VirTaxa","Cronobacter_malonaticus_vir",0.00621141872933224,0.0858707263963532,0.0490622230877935,0.0368085033085597,0.039624567756085,"*"
0,"VirTaxa","Yokenella_regensburgei_vir",0.00478297760251561,0.305480412358949,0.108471160490321,0.197009251868628,0.0353940342586155,"*"
1,"Plus BacIrep","Alkalihalobacillus_vir",0.00340015278005624,0.0287350077952237,0.0179981071643037,0.01073690063092,0.033133950237688,"*"
1,"Plus BacIrep","Arabia_vir",0.00241468921503051,0.0379893689218966,0.0189583000996403,0.0190310688222563,0.0276777843316799,"*"
1,"Plus BacIrep","Arachnia_vir",0.00799370067079601,0.0422986022881084,0.026612648849863,0.0156859534382454,0.0479622040247761,"*"
1,"Plus BacIrep","Corynebacterium_vir",0.00499557202703927,0.427029419961095,0.0912849693360597,0.335744450625035,0.03590729987146,"*"
1,"Plus BacIrep","Cronobacter_vir",2.83369061817806e-05,0.478126458027964,0.0860765425339162,0.392049915494048,0.000868142211419946,"***"
1,"Plus BacIrep","Cutibacterium_vir",3.17698645592925e-06,0.908584986148503,0.206845546547681,0.701739439600822,0.000176322748304073,"***"
1,"Plus BacIrep","Dickeya_vir",2.4909629593983e-06,0.96965653005126,0.167222933198752,0.802433596852508,0.000176322748304073,"***"
1,"Plus BacIrep","Eggerthella_vir",7.31964695688405e-05,0.890469860195151,0.120077194478123,0.770392665717028,0.00162496162442826,"**"
1,"Plus BacIrep","Eisenbergiella_vir",2.08418524875407e-09,1.88573246062187,0.227540525164517,1.65819193545735,4.62689125223404e-07,"***"
1,"Plus BacIrep","Enterobacter_vir",2.14381468139495e-07,1.41320382387359,0.322665287392847,1.09053853648074,2.37963429634839e-05,"***"
1,"Plus BacIrep","Enterococcus_vir",0.00173823373004873,0.344743599149996,0.12090072146046,0.223842877689536,0.0226992875335775,"*"
1,"Plus BacIrep","Enteroscipio_vir",0.00711106116859194,0.128180014932339,0.052924772851291,0.075255242081048,0.0451044451264974,"*"
1,"Plus BacIrep","Escherichia_vir",0.00643901981105876,0.179171880794867,0.0667550843375384,0.112416796457329,0.0433170423653044,"*"
1,"Plus BacIrep","Holdemanella_vir",6.14745124789321e-05,0.359038361708494,0.075029236255022,0.284009125453472,0.00151637130781366,"**"
1,"Plus BacIrep","Hungatella_vir",4.0539963587599e-06,0.431734656655473,0.116717196804611,0.315017459850862,0.00017999743832894,"***"
1,"Plus BacIrep","Johnsonella_vir",3.12844040151332e-05,0.313231150901832,0.111350075964913,0.201881074936919,0.000868142211419946,"***"
1,"Plus BacIrep","Klebsiella_vir",0.000371507954833581,0.261997692254547,0.087460446493846,0.174537245760701,0.00634421276715808,"**"
1,"Plus BacIrep","Kluyvera_vir",2.95570578002152e-05,0.104442340514591,0.0390007305324299,0.0654416099821611,0.000868142211419946,"***"
1,"Plus BacIrep","Rahnella_vir",0.00640592273887013,0.24010511183932,0.0783703115705465,0.161734800268774,0.0433170423653044,"*"
1,"Plus BacIrep","Romboutsia_vir",0.000470510152216643,0.412469022946889,0.119588091889969,0.29288093105692,0.00746094669943534,"**"
1,"Plus BacIrep","Rothia_vir",0.00249349408393513,0.385114929405582,0.158923587761774,0.226191341643808,0.0276777843316799,"*"
1,"Plus BacIrep","Salmonella_vir",0.000258874607994853,0.505723892386922,0.146225427688624,0.359498464698298,0.00478918024790478,"**"
1,"Plus BacIrep","Serratia_vir",0.000197264438087518,0.511726780608683,0.11112784827837,0.400598932330313,0.00398115502322082,"**"
1,"Plus BacIrep","Shigella_vir",0.00788011088178308,0.374736019022587,0.148214704280549,0.226521314742038,0.0479622040247761,"*"
1,"Plus BacIrep","Enterobacter_ludwigii_vir",0.000902374742161919,0.207363021054476,0.0672502061289561,0.14011281492552,0.0133551461839964,"*"
1,"Plus BacIrep","Enterobacter_mori_vir",0.00501408241448315,0.173407356160762,0.074820725393852,0.09858663076691,0.03590729987146,"*"
1,"Plus BacIrep","Enterobacter_sichuanensis_vir",0.00189483240605207,0.24347937619385,0.0941508309317864,0.149328545262064,0.0233695996746422,"*"
1,"Plus BacIrep","Enterobacteriaceae_bacterium_vir",0.00707646500830927,0.182474027254125,0.0787785065334089,0.103695520720716,0.0451044451264974,"*"
1,"Plus BacIrep","Enterococcus_avium_vir",0.00304626867855627,0.262777344783259,0.0930645261609632,0.169712818622296,0.0322034117447377,"*"
1,"Plus BacIrep","Enterococcus_durans_vir",0.00473915617991664,0.160452594348921,0.077018814102977,0.083433780245944,0.03590729987146,"*"
1,"Plus BacIrep","Enterococcus_faecalis_vir",0.00427495155427398,0.173846535668957,0.0757573490909503,0.0980891865780067,0.0351496016684749,"*"
1,"Plus BacIrep","Enterococcus_gilvus_vir",0.00120279510943553,0.201259929996757,0.0850603585125443,0.116199571484213,0.016688782143418,"*"
1,"Plus BacIrep","Escherichia_albertii_vir",0.00346432179324588,0.146853478283986,0.0624064352883836,0.0844470429956024,0.033133950237688,"*"
1,"Plus BacIrep","Escherichia_coli_vir",0.00422633190370045,0.124945407295513,0.0576568226461415,0.0672885846493715,0.0351496016684749,"*"
1,"Plus BacIrep","Gordonibacter_massiliensis_vir",0.00463116573132561,0.167479518966273,0.0680962255766926,0.0993832933895804,0.03590729987146,"*"
1,"Plus BacIrep","Haemophilus_ducreyi_vir",0.00358204867434465,0.174425973369991,0.0705565005804663,0.103869472789525,0.033133950237688,"*"
1,"Plus BacIrep","Klebsiella_indica_vir",0.00412896180319811,0.131363857460198,0.0497771517386787,0.0815867057215193,0.0351496016684749,"*"
1,"Plus BacMAX","Eisenbergiella_vir",0.00013581674907054,0.541364041181896,0.0371654580106464,0.50419858317125,0.0472642286765479,"*"
1,"Plus BacPath","Dickeya_vir",0.000134279452849872,0.179904390281725,0.0318934240079842,0.148010966273741,0.0190005425782569,"*"
1,"Plus BacPath","Eisenbergiella_vir",3.54411372461483e-05,0.429893248499299,0.045143055772545,0.384750192726754,0.01002984184066,"*"
1,"Plus BacPath","Enterobacter_vir",0.000355286472214505,0.27291248494871,0.0628759586278767,0.210036526320833,0.0251365179091762,"*"
1,"Plus BacPath","ORNDEG.PWY..superpathway.of.ornithine.degradation_path",0.000238215034513395,0.118941127174711,0.0649596976577874,0.0539814295169236,0.0224716182557636,"*"
1,"Plus BacPath","P162.PWY..L.glutamate.degradation.V..via.hydroxyglutarate._path",0.000645139894566124,0.156802507963501,0.0562673318452843,0.100535176118217,0.0324028900795089,"*"
1,"Plus BacPath","P165.PWY..superpathway.of.purines.degradation.in.plants_path",0.000686987068823511,0.173570194674525,0.0696374599820348,0.10393273469249,0.0324028900795089,"*"
1,"Plus BacRest","Eisenbergiella_vir",6.78295238187858e-05,0.91751497919398,0.065184392155317,0.852330587038663,0.0125484619064754,"*"
1,"Plus BacRest","Enterobacter_vir",1.88460002038667e-05,0.711730907535845,0.0789648704378655,0.63276603709798,0.010459530113146,"*"
1,"Plus BacRest","Hungatella_vir",0.000196540327877592,0.0946851676050194,0.0248418838093581,0.0698432837956613,0.0272699704930159,"*"
1,"Plus BacRest","Klebsiella_vir",0.000439030477341163,0.0530225457204828,0.0199519232002647,0.0330706225202181,0.0487323829848691,"*"
1,"Plus BacRest","Romboutsia_vir",6.71974059821155e-05,0.107508577754879,0.0314348457867816,0.0760737319680974,0.0125484619064754,"*"
1,"Plus BacTaxa","Cronobacter_vir",3.17551627175853e-05,0.337693776465103,0.0687643649837687,0.268929411481334,0.00135186264140577,"**"
1,"Plus BacTaxa","Cutibacterium_vir",3.13398342193984e-05,0.802941988927632,0.133914664836645,0.669027324090987,0.00135186264140577,"**"
1,"Plus BacTaxa","Dickeya_vir",3.5315021274651e-06,0.849829747625299,0.137473831654594,0.712355915970705,0.00021047752679692,"***"
1,"Plus BacTaxa","Eggerthella_vir",7.79509204422396e-05,0.758871397184389,0.0865178185698251,0.672353578614564,0.00232293742917874,"**"
1,"Plus BacTaxa","Eisenbergiella_vir",2.54127320275879e-09,1.77941559441136,0.132853669006769,1.64656192540459,7.57299414422119e-07,"***"
1,"Plus BacTaxa","Enterobacter_vir",1.3502889386181e-06,1.27672402948451,0.316048280175044,0.960675749309466,0.000134128701236065,"***"
1,"Plus BacTaxa","Holdemanella_vir",5.92638131853701e-05,0.28773350473686,0.0568041747758064,0.230929329961054,0.00196229070324892,"**"
1,"Plus BacTaxa","Hungatella_vir",4.61103973036081e-07,0.322772321964877,0.0685752890231904,0.254197032941687,6.87044919823761e-05,"***"
1,"Plus BacTaxa","Johnsonella_vir",3.43108397648025e-06,0.258269274719143,0.0695363499545086,0.188732924764634,0.00021047752679692,"***"
1,"Plus BacTaxa","Kluyvera_vir",3.70082952477748e-05,0.0756167810722893,0.0265056237114408,0.0491111573608485,0.00137855899797961,"**"
1,"Plus BacTaxa","Romboutsia_vir",0.000107880242915281,0.328426322284576,0.0818349643739874,0.246591357910589,0.00292257385352307,"**"
1,"Plus BacTaxa","Rothia_vir",0.00165249024078528,0.295205062985802,0.0957582998865856,0.199446763099216,0.0289671818678831,"*"
1,"Plus BacTaxa","Salmonella_vir",0.000118648764463911,0.437264359811844,0.107231007963262,0.330033351848582,0.00294644431752046,"**"
1,"Plus BacTaxa","Serratia_vir",0.000147490383062326,0.413340380468136,0.0874354205588982,0.325904959909238,0.00338093339635178,"**"
1,"Plus BacTaxa","Enterobacter_kobei_vir",0.00116150807014237,0.164129350696233,0.050719911192006,0.113409439504227,0.0216330878064016,"*"
1,"Plus BacTaxa","Enterobacter_ludwigii_vir",0.000886649385820599,0.156197167262043,0.057613885976616,0.098583281285427,0.0176147677983026,"*"
1,"Plus BacTaxa","Enterococcus_durans_vir",0.00227022442083942,0.147268347915069,0.0636770250986973,0.0835913228163717,0.035608890127478,"*"
1,"Plus BacTaxa","Enterococcus_faecalis_vir",0.000310523408890282,0.168647308331362,0.0562614122682107,0.112385896063151,0.00660971256066457,"**"
1,"Plus BacTaxa","Escherichia_coli_vir",0.00346441638033835,0.146778945396657,0.055461236833448,0.091317708563209,0.0491617181590871,"*"
1,"Plus BacTaxa","Flaviflexus_massiliensis_vir",0.0026535766123342,0.143360428651316,0.0431846012778904,0.100175827373426,0.0395382915237796,"*"
1,"Plus BacTaxa","Haemophilus_somnus_vir",0.00227036547792645,0.127242064838412,0.0377713678430098,0.0894706969954022,0.035608890127478,"*"
1,"VirTaxa","Alkalihalobacillus_vir",4.32737747655345e-06,0.0408057252441058,0.0177710140023215,0.0230347112417843,0.000132239751272061,"***"
1,"VirTaxa","Anaerococcus_vir",0.00751700035182974,0.0382135260808941,0.0214681045780158,0.0167454215028783,0.0422442611258942,"*"
1,"VirTaxa","Candidatus.Kuenenia_vir",0.00960348042304403,0.116815921168942,0.0773168956453824,0.0394990255235596,0.0441760099460025,"*"
1,"VirTaxa","Corynebacterium_vir",0.00321004414182872,0.493284990647249,0.119394219590899,0.37389077105635,0.0246103384206869,"*"
1,"VirTaxa","Cronobacter_vir",4.92818948839979e-06,0.593470574581949,0.105673924412674,0.487796650169275,0.000132239751272061,"***"
1,"VirTaxa","Cutibacterium_vir",2.50308139270703e-05,0.883028915455405,0.240574146494488,0.642454768960917,0.000447773449139813,"***"
1,"VirTaxa","Dickeya_vir",1.76129775263818e-06,1.05160178331875,0.213198343645539,0.838403439673211,7.08922345436867e-05,"***"
1,"VirTaxa","Eggerthella_vir",1.72103270344832e-05,1.09649111260078,0.138396572164418,0.958094540436362,0.000392503853493635,"***"
1,"VirTaxa","Eisenbergiella_vir",8.14889965526515e-09,1.91762625945542,0.266597173333096,1.65102908612232,1.31197284449769e-06,"***"
1,"VirTaxa","Enterobacter_vir",1.13045034596414e-06,1.63785086746488,0.483387338478742,1.15446352898614,6.06675019000755e-05,"***"
1,"VirTaxa","Escherichia_vir",0.009295839532607,0.189835077867187,0.0836336797966046,0.106201398070582,0.0440185342573449,"*"
1,"VirTaxa","Haemophilus_vir",0.00833559521405266,0.21641127355315,0.0581499998283869,0.158261273724763,0.0432913170794348,"*"
1,"VirTaxa","Holdemanella_vir",0.000170594984462051,0.445747735988349,0.104133161418132,0.341614574570217,0.00249689022712638,"**"
1,"VirTaxa","Hungatella_vir",9.92051085049986e-07,0.562016268700338,0.130641490223986,0.431374778476352,6.06675019000755e-05,"***"
1,"VirTaxa","Johnsonella_vir",0.000144165331867141,0.403716874695179,0.155352495575737,0.248364379119442,0.00232106184306097,"**"
1,"VirTaxa","Klebsiella_vir",0.000273058928457287,0.41347541751789,0.138075762978492,0.275399654539398,0.0036635406234686,"**"
1,"VirTaxa","Kluyvera_vir",1.95032970680067e-05,0.149986241332115,0.0565936233093576,0.0933926180227574,0.000392503853493635,"***"
1,"VirTaxa","Romboutsia_vir",0.00212877755503511,0.47325549014812,0.175219585839508,0.298035904308612,0.0214208241475408,"*"
1,"VirTaxa","Rothia_vir",0.00451560548889126,0.428217681167494,0.196222493646442,0.231995187521052,0.0290804993484597,"*"
1,"VirTaxa","Rubneribacter_vir",0.00412493677436867,0.470946716736059,0.202810639047722,0.268136077688337,0.0276714508613898,"*"
1,"VirTaxa","Salmonella_vir",0.0111097709700402,0.487711370000396,0.249915433907434,0.237795936092962,0.0496853646160131,"*"
1,"VirTaxa","Serratia_vir",0.00124612500754932,0.506019328524795,0.162128617719276,0.343890710805519,0.0143304375868172,"*"
1,"VirTaxa","Enterobacter_chengduensis_vir",0.00760921473696231,0.217964888619703,0.10410140057658,0.113863488043123,0.0422442611258942,"*"
1,"VirTaxa","Enterobacter_kobei_vir",0.00110682918219006,0.250740498620361,0.0942553959423456,0.156485102678015,0.0137076537178923,"*"
1,"VirTaxa","Enterobacter_ludwigii_vir",0.00319851743122919,0.211238800611351,0.0962871936591762,0.114951606952175,0.0246103384206869,"*"
1,"VirTaxa","Enterobacter_roggenkampii_vir",0.00893487963902844,0.315017837196472,0.14720045321325,0.167817383983222,0.0435913824813206,"*"
1,"VirTaxa","Enterobacteriaceae_bacterium_vir",0.00631914308505034,0.310572040718134,0.128122117398648,0.182449923319486,0.0391300783343502,"*"
1,"VirTaxa","Enterococcus_durans_vir",0.00387050206665802,0.214731346833441,0.0987048306945203,0.116026516138921,0.0275407253293459,"*"
1,"VirTaxa","Enterococcus_faecalis_vir",0.0028144118343557,0.241326831984585,0.107605714367454,0.133721117617131,0.0238484371226983,"*"
1,"VirTaxa","Enteroscipio_rubneri_vir",0.00865267133836186,0.194036456790051,0.092946504891972,0.101089951898079,0.0435337526711331,"*"
1,"VirTaxa","Escherichia_albertii_vir",0.00175035017574061,0.176153881822511,0.0753120755742239,0.100841806248287,0.0187870918862825,"*"
1,"VirTaxa","Escherichia_marmotae_vir",0.00807748181729691,0.165055197451569,0.0671489044077326,0.0979062930438364,0.0432913170794348,"*"
1,"VirTaxa","Flaviflexus_massiliensis_vir",0.0039343893327637,0.230958373719611,0.0994571937146832,0.131501180004928,0.0275407253293459,"*"
1,"VirTaxa","Gordonibacter_pamelaeae_vir",0.00253772682855412,0.220792701847424,0.0945379591374601,0.126254742709964,0.0226985566331785,"*"
1,"VirTaxa","Haemophilus_somnus_vir",0.0022949522244619,0.210004273719959,0.0672724876064506,0.142731786113508,0.0217345475375509,"*"
1,"VirTaxa","Klebsiella_grimontii_vir",0.00726168045110354,0.187133868488686,0.0793723714049851,0.107761497083701,0.0422442611258942,"*"
2,"Plus BacIrep","Acinetobacter_vir",1.20884178559564e-06,0.0214001532050846,0.0115414775215207,0.0098586756835639,0.00016923784998339,"***"
2,"Plus BacIrep","Actinobaculum_vir",0.00129085611912638,0.0246254876283713,0.0107855893674625,0.0138398982609088,0.0200799840752992,"*"
2,"Plus BacIrep","Aeromonas_vir",1.26800404957471e-05,0.0835918684853799,0.0550467033573251,0.0285451651280548,0.000887602834702297,"***"
2,"Plus BacIrep","Alkalihalobacillus_vir",1.10467551139741e-09,0.0750633522661719,0.0259978159144727,0.0490655363516992,3.09309143191275e-07,"***"
2,"Plus BacIrep","Anaerococcus_vir",2.03290780662177e-05,0.0832948213413258,0.0410933868180847,0.0422014345232411,0.00113842837170819,"**"
2,"Plus BacIrep","Bariatricus_vir",8.3766918088099e-06,0.22953903495924,0.116039841484402,0.113499193474838,0.000781824568822257,"***"
2,"Plus BacIrep","Bifidobacterium_vir",0.00405087500893424,0.196036325347381,0.0981630509886665,0.0978732743587145,0.0420090741667255,"*"
2,"Plus BacIrep","Cutibacterium_vir",7.57614998043342e-05,0.424079058127749,0.155050213259201,0.269028844868548,0.00303045999217337,"**"
2,"Plus BacIrep","Dickeya_vir",0.000575011164766699,0.447622518361806,0.206653827108267,0.240968691253539,0.011500223295334,"*"
2,"Plus BacIrep","Enterobacter_vir",3.06926888248409e-05,0.625358465055907,0.319297136747102,0.306061328308805,0.00143232547849258,"**"
2,"Plus BacIrep","Timonella_vir",0.000570399083560196,0.0637005268287703,0.0336250712128437,0.0300754556159266,0.011500223295334,"*"
2,"Plus BacIrep","Veillonella_vir",0.000106410674652206,0.0705378616215595,0.0287177692870602,0.0418200923344993,0.00331055432251308,"**"
2,"Plus BacIrep","Vibrio_vir",0.000933177100932085,0.0709967116109615,0.0385467478826308,0.0324499637283307,0.0163305992663115,"*"
2,"Plus BacIrep","Winkia_vir",0.000536593799804923,0.0522221850328898,0.0235696376540769,0.0286525473788129,0.011500223295334,"*"
2,"Plus BacIrep","Yersinia_vir",0.00403525681090718,0.0436443231102694,0.0214036386676061,0.0222406844426633,0.0420090741667255,"*"
2,"Plus BacIrep","Acinetobacter_ursingii_vir",0.000250553397277078,0.0661147086991874,0.0300793090421721,0.0360353996570153,0.00701549512375818,"**"
2,"Plus BacIrep","Actinobacillus_pleuropneumoniae_vir",0.00227610833424955,0.0602612936441673,0.0296885924707703,0.030572701173397,0.0277091449386902,"*"
2,"Plus BacIrep","Actinobaculum_massiliense_vir",8.73274524733279e-05,0.0631090211847657,0.0288038610889828,0.0343051600957829,0.00305646083656648,"**"
2,"Plus BacIrep","Actinosynnema_pretiosum_vir",0.00222457763125333,0.0610338216654582,0.0354456096308043,0.0255882120346539,0.0277091449386902,"*"
2,"Plus BacIrep","Aeromonas_caviae_vir",0.000281127498044088,0.0601906090445348,0.0291980389986223,0.0309925700459125,0.00715597267748588,"**"
2,"Plus BacIrep","Klebsiella_iRep",0.0014592372967672,0.150991523623425,0.0599795693227434,0.0910119543006816,0.0215045496365693,"*"
2,"Plus BacIrep","Paraclostridium_iRep",0.00207532768874009,0.193794424931613,0.0534896271659173,0.140304797765696,0.0276710358498679,"*"
2,"Plus BacIrep","Proteus_iRep",0.00307991183878334,0.134068514330902,0.0548994404690093,0.0791690738618927,0.0344950125943734,"*"
2,"Plus BacIrep","Klebsiella_michiganensis_iRep",0.00118935869102832,0.0736327668213608,0.0322621208654711,0.0413706459558897,0.0195894372639959,"*"
2,"Plus BacIrep","Ligilactobacillus_animalis_iRep",0.000707256803364815,0.098534641958968,0.0440323304445412,0.0545023115144268,0.0132021269961432,"*"
2,"Plus BacIrep","Serratia_marcescens_iRep",0.0028221796810442,0.116825092746524,0.051520472091,0.065304620655524,0.0329254296121823,"*"
2,"Plus BacIrep","Streptococcus_salivarius_iRep",0.00189714476055195,0.141633595729418,0.0502756301655726,0.0913579655638454,0.0265600266477273,"*"
2,"Plus BacMAX","Alkalihalobacillus_vir",1.90308202351634e-05,0.0135027401946638,0.00626510325299521,0.00723763694166859,0.00766942055477085,"**"
2,"Plus BacMAX","Eisenbergiella_vir",0.000131786869676646,0.0681156951164907,0.0353138081445631,0.0328018869719276,0.0265550542398442,"*"
2,"Plus BacMAX","HISTSYN.PWY..L.histidine.biosynthesis_MAX",0.000333355594267051,0.0998898684429162,0.0569486532288536,0.0429412152140626,0.0447807681632072,"*"
2,"Plus BacPath","Alkalihalobacillus_vir",0.000137337238777014,0.00951761125227779,0.00415766982616864,0.00535994142610915,0.0440852536474215,"*"
2,"Plus BacRest","Actinobacillus_vir",4.06538116615156e-09,0.0155111166388796,0.00685173986310478,0.00865937677577482,2.75226304948461e-06,"***"
2,"Plus BacTaxa","Actinobaculum_vir",0.00121349501755876,0.0187245664497568,0.00837608795138482,0.010348478498372,0.0276070116494618,"*"
2,"Plus BacTaxa","Actinosynnema_vir",0.000119172715117325,0.0511992403849848,0.0226312032540659,0.0285680371309189,0.00542235853783829,"**"
2,"Plus BacTaxa","Aeromonas_vir",4.30283373877768e-06,0.0797505420272054,0.0427261226949179,0.0370244193322875,0.000575518735199238,"***"
2,"Plus BacTaxa","Alkalihalobacillus_vir",7.52553776249418e-05,0.0501360843306453,0.018853939858591,0.0312821444720543,0.00391327963649697,"**"
2,"Plus BacTaxa","Anaerococcus_vir",7.62623414537662e-06,0.068330459219597,0.0263154639344793,0.0420149952851177,0.000575518735199238,"***"
2,"Plus BacTaxa","Bacillus_vir",0.000216941119421842,0.0861817345435276,0.0423302307404086,0.043851503803119,0.00789665674695505,"**"
2,"Plus BacTaxa","Bariatricus_vir",3.05206627750088e-06,0.176515292847617,0.0848837564167327,0.0916315364308843,0.000575518735199238,"***"
2,"Plus BacTaxa","Cutibacterium_vir",0.000169106337227778,0.302824417279509,0.102489096857285,0.200335320422224,0.00683941186121235,"**"
2,"Plus BacTaxa","Dickeya_vir",7.90547713185767e-06,0.388597670932073,0.120084573688692,0.268513097243381,0.000575518735199238,"***"
2,"Plus BacTaxa","Enterobacter_vir",5.78072508569531e-06,0.475045335344841,0.225580763781736,0.249464571563105,0.000575518735199238,"***"
2,"Plus BacTaxa","Veillonella_vir",0.000323951757232823,0.0510665997235005,0.0210842321595272,0.0299823675639733,0.0107198581484316,"*"
2,"Plus BacTaxa","Winkia_vir",0.00174585052356033,0.0444513986887226,0.0167159495955626,0.02773544909316,0.0373817406221153,"*"
2,"Plus BacTaxa","Acinetobacter_ursingii_vir",3.43479368236104e-05,0.0648642215709918,0.0216009808987396,0.0432632406722522,0.0020837748339657,"**"
2,"Plus BacTaxa","Actinobacillus_pleuropneumoniae_vir",0.000669953807967993,0.0548315288655661,0.0239617449087784,0.0308697839567877,0.0185805065192242,"*"
2,"Plus BacTaxa","Actinobaculum_massiliense_vir",0.000468086115727068,0.0537631358143381,0.0223755022403588,0.0313876335739793,0.0141986121770544,"*"
2,"Plus BacTaxa","Enterococcus_devriesei_vir",0.0021016737383893,0.163506593250409,0.0627737333854555,0.100732859864954,0.042500513376317,"*"
2,"Plus BacTaxa","Enterococcus_gilvus_vir",0.000714634866124006,0.131594552186014,0.0562755201249987,0.0753190320610153,0.0185805065192242,"*"
2,"Plus BacTaxa","Streptococcus_gordonii_bac",0.000865548287003997,0.128494731504122,0.0487005443624658,0.0797941871416562,0.0210039717646303,"*"
2,"Plus BacTaxa","Veillonella_atypica_bac",0.00229459724783754,0.133866462230025,0.0537913311884147,0.0800751310416103,0.0439596525375192,"*"
2,"VirTaxa","Acinetobacter_vir",4.31832930786536e-07,0.0269027775656339,0.015615739327784,0.0112870382378499,4.55583741979795e-05,"***"
2,"VirTaxa","Actinosynnema_vir",2.63236014624398e-06,0.0810028813672375,0.0359276783881463,0.0450752029790912,0.000111085598171496,"***"
2,"VirTaxa","Aeromonas_vir",7.08446145909805e-05,0.106890309111186,0.0717257772629694,0.0351645318482166,0.00249136894644948,"**"
2,"VirTaxa","Alkalihalobacillus_vir",2.43633351273726e-07,0.0878741591142866,0.0398424784143017,0.0480316806999849,4.55583741979795e-05,"***"
2,"VirTaxa","Anaerococcus_vir",0.00114314579074491,0.0894106172676584,0.0524946266652228,0.0369159906024356,0.0172288401319411,"*"
2,"VirTaxa","Bacillus_vir",1.69454358129188e-06,0.182312855674546,0.0784585125192663,0.10385434315528,0.000111085598171496,"***"
2,"VirTaxa","Bariatricus_vir",0.000452663919801946,0.278504812857236,0.168470758666387,0.110034054190849,0.00955120870782106,"**"
2,"VirTaxa","Cutibacterium_vir",0.000214975161365077,0.468089767174363,0.176878653398158,0.291211113776205,0.00566996988100391,"**"
2,"VirTaxa","Dickeya_vir",0.000505793675909608,0.63496571838976,0.287630946458863,0.347334771930897,0.0095738758391427,"**"
2,"VirTaxa","Enterobacter_vir",0.00033870057479569,0.811136505089659,0.450874980785831,0.360261524303828,0.00794064680909895,"**"
2,"VirTaxa","Veillonella_vir",0.000854228428563849,0.0748933396129564,0.0351872169750015,0.0397061226379549,0.0138647844943825,"*"
2,"VirTaxa","Acinetobacter_ursingii_vir",0.000166871390674675,0.0855468553615791,0.0389018552378743,0.0466450001237048,0.00502998049033663,"**"
2,"VirTaxa","Actinobacillus_pleuropneumoniae_vir",0.000544485829714277,0.0792261491151053,0.0377819855658727,0.0414441635492326,0.0095738758391427,"**"
2,"VirTaxa","Actinobaculum_massiliense_vir",2.11382196101192e-06,0.0873204864302999,0.035877954583577,0.0514425318467229,0.000111085598171496,"***"
3,"Plus BacIrep","Actinobacillus_vir",0.000790040362527956,0.0241749343053337,0.0158143550913425,0.0083605792139912,0.0240397996026364,"*"
3,"Plus BacIrep","Clostridioides_vir",0.00180502340329704,0.2425211889031,0.092501349426871,0.150019839476229,0.0427188872113633,"*"
3,"Plus BacIrep","Clostridium_vir",0.001236384391693,0.291850303282258,0.103472713200462,0.188377590081796,0.0329187344288261,"*"
3,"Plus BacIrep","Collinsella_vir",4.54365397602536e-05,0.328811739703371,0.0968526067957611,0.23195913290761,0.00274789051858606,"**"
3,"Plus BacIrep","Corynebacterium_vir",6.19700333777585e-06,0.382222719389173,0.0979980922611855,0.284224627127988,0.000659980855473128,"***"
3,"Plus BacIrep","Cronobacter_vir",9.38162023209771e-07,0.545325224504423,0.114107542739708,0.431217681764715,0.000199828510943681,"***"
3,"Plus BacIrep","Renibacterium_vir",5.16035778138228e-05,0.49388936351086,0.148293846295652,0.345595517215208,0.00274789051858606,"**"
3,"Plus BacIrep","Romboutsia_vir",0.000487984806333803,0.656998584054537,0.229746022849554,0.427252561204983,0.01732346062485,"*"
3,"Plus BacIrep","Salmonella_vir",0.000150483655087572,0.675096396630097,0.251280509963519,0.423815886666578,0.00641060370673057,"**"
3,"Plus BacPath","Actinobacillus_vir",7.03311332241856e-08,0.00869515730228333,0.00325074454359032,0.00544441275869301,2.11696711004799e-05,"***"
3,"Plus BacRest","Actinobacillus_vir",2.26750606530017e-09,0.015259317982973,0.00515835646940047,0.0101009615135725,1.05665782642988e-06,"***"
3,"Plus BacRest","Cronobacter_vir",8.12334023493939e-05,0.157597198839104,0.0300795882339677,0.127517610605136,0.0126182551649392,"*"
3,"Plus BacRest","Cutibacterium_vir",0.000110638525486791,0.150678314088962,0.0365076641328241,0.114170649956138,0.0128893882192112,"*"
3,"Plus BacRest","Dickeya_vir",0.000465014423457141,0.148568176929017,0.0284297870181202,0.120138389910897,0.036116120221838,"*"
3,"Plus BacRest","Duncaniella_vir",5.13452008499174e-05,0.220399844441905,0.0572638049188296,0.163136039523075,0.0119634317980308,"*"
3,"Plus BacRest","Raoultella_vir",0.000611035493786972,0.113823246355346,0.0395687877583044,0.0742544585970416,0.040677505729247,"*"
3,"Plus BacRest","Salmonella_vir",0.000272225137231526,0.178142952578271,0.0635802034398841,0.114562749138387,0.0253713827899782,"*"
3,"Plus BacTaxa","Actinobacillus_vir",8.49621689376749e-08,0.0248210715216723,0.0111128708258018,0.0137082006958705,2.54886506813025e-05,"***"
3,"Plus BacTaxa","Anaerococcus_vir",1.56702026392144e-06,0.0445022740244375,0.0164554829592616,0.0280467910651759,0.000156702026392144,"***"
3,"Plus BacTaxa","Collinsella_vir",0.000119113496608716,0.260309655445438,0.0819879088041815,0.178321746641256,0.00558778551708343,"**"
3,"Plus BacTaxa","Corynebacterium_vir",1.1333189940443e-05,0.300868214098831,0.0697570636531816,0.231111150445649,0.00067999139642658,"***"
3,"Plus BacTaxa","Cronobacter_vir",1.49854029654936e-06,0.438400592376854,0.103327337062614,0.33507325531424,0.000156702026392144,"***"
3,"Plus BacTaxa","Cutibacterium_vir",0.00013038166206528,0.382579335998363,0.141117332137959,0.241462003860404,0.00558778551708343,"**"
3,"Plus BacTaxa","Romboutsia_vir",6.1206871240678e-06,0.403419054101206,0.113524346005624,0.289894708095582,0.000459051534305085,"***"
3,"VirTaxa","Actinobacillus_vir",6.99054564240575e-05,0.0284414496240778,0.017546248481683,0.0108952011423948,0.00288360007749237,"**"
3,"VirTaxa","Clostridioides_vir",0.00136276932084414,0.307351986475543,0.120228409577506,0.187123576898037,0.0281071172424104,"*"
3,"VirTaxa","Collinsella_vir",3.53733637100489e-05,0.425390827099127,0.118021118178609,0.307369708920518,0.00194553500405269,"**"
3,"VirTaxa","Corynebacterium_vir",3.74919456075249e-06,0.526865202971425,0.143535251338642,0.383329951632783,0.00030930855126208,"***"
3,"VirTaxa","Cronobacter_vir",2.438854807141e-06,0.651712904723341,0.177787970889625,0.473924933833716,0.00030930855126208,"***"
3,"VirTaxa","Cutibacterium_vir",0.000307738191427538,0.56469910023235,0.239929073849667,0.324770026382683,0.0101553603171088,"*"
3,"VirTaxa","Raoultella_vir",0.00222270862304452,0.576792349146677,0.249970202768301,0.326822146378376,0.0407496580891495,"*"
3,"VirTaxa","Robinsoniella_vir",0.000543458613061333,0.619902899463043,0.24688735512652,0.373015544336523,0.0149451118591867,"*"
3,"VirTaxa","Romboutsia_vir",0.00097196724111752,0.839738129253962,0.346190713643027,0.493547415610935,0.0229106563977701,"*"
3,"VirTaxa","Serratia_vir",0.00270579772746776,0.501106582384235,0.212508290129034,0.288598292255201,0.044645662503218,"*"
4,"Plus BacIrep","Actinobacillus_vir",4.83447326993592e-07,0.0261890035083949,0.0121391132122096,0.0140498902961853,4.35102594294233e-05,"***"
4,"Plus BacIrep","Actinobaculum_vir",1.90625280383688e-09,0.0328917510832439,0.0118951491702884,0.0209966019129555,3.43125504690638e-07,"***"
4,"Plus BacIrep","Cronobacter_vir",0.000863868320966163,0.383734028989808,0.171387421822801,0.212346607167007,0.0194370372217387,"*"
4,"Plus BacIrep","Cutibacterium_vir",8.34160395362319e-05,0.418017961311049,0.146257120024661,0.271760841286388,0.00500496237217391,"**"
4,"Plus BacIrep","Dickeya_vir",0.000629605830741514,0.496972111669662,0.213381363289809,0.283590748379853,0.0194370372217387,"*"
4,"Plus BacIrep","Duncaniella_vir",0.00077208358220115,0.490395101253943,0.191663541476489,0.298731559777454,0.0194370372217387,"*"
4,"Plus BacIrep","Kallipyga_vir",0.000258261196648365,0.68226606080242,0.157094258169002,0.525171802633418,0.0116217538491764,"*"
4,"Plus BacIrep","Raoultella_vir",0.001462704598487,0.25003816665353,0.0993515479432862,0.150686618710244,0.02925409196974,"*"
4,"Plus BacIrep","Rothia_vir",0.000699406676378891,0.491388888255752,0.253779008024878,0.237609880230874,0.0194370372217387,"*"
4,"Plus BacRest","Actinobaculum_vir",9.17020685412889e-08,0.011667156977886,0.00360883845641745,0.00805831852146855,6.14403859226636e-05,"***"
4,"Plus BacRest","Enterobacter_vir",0.000201158259352639,0.183366554778413,0.0795175600834121,0.103848994695001,0.033694008441567,"*"
4,"Plus BacRest","Salmonella_vir",0.000177922485442889,0.114861775998022,0.050344242764747,0.064517533233275,0.033694008441567,"*"
4,"Plus BacRest","Serratia_vir",0.000100436726501498,0.147911311077356,0.0458690070490424,0.102042304028314,0.0336463033780018,"*"
4,"Plus BacTaxa","Actinobacillus_vir",0.00113754196778413,0.0176809076262929,0.00916127100304108,0.00851963662325182,0.026163465259035,"*"
4,"Plus BacTaxa","Actinobaculum_vir",1.04322334060315e-09,0.0257908317973952,0.0093417445724116,0.0164490872249836,1.9195309467098e-07,"***"
4,"Plus BacTaxa","Cronobacter_vir",8.51657746891618e-05,0.335490303730578,0.130989525126589,0.204500778603989,0.00375091844126308,"**"
4,"Plus BacTaxa","Cutibacterium_vir",2.51434058852944e-05,0.355003754157563,0.11267811021093,0.242325643946633,0.00231319334144708,"**"
4,"Plus BacTaxa","Dickeya_vir",0.00205596405806177,0.449002918348128,0.207133112176441,0.241869806171687,0.0378297386683366,"*"
4,"Plus BacTaxa","Duncaniella_vir",0.000101927131556062,0.487925174249576,0.156432054768238,0.331493119481338,0.00375091844126308,"**"
4,"Plus BacTaxa","Eisenbergiella_vir",0.00107026695092492,0.500368881121301,0.281881503564947,0.218487377556354,0.026163465259035,"*"
4,"Plus BacTaxa","Johnsonella_vir",0.00188987930269734,0.543987034190721,0.148469969687769,0.395517064502952,0.0378297386683366,"*"
4,"Plus BacTaxa","Kallipyga_vir",4.98870502444834e-05,0.665678112410657,0.135311012455568,0.530367099955089,0.00305973908166165,"**"
4,"Plus BacTaxa","Rothia_vir",0.000225250726627317,0.416407677083546,0.18712843752297,0.229279239560576,0.00690768894990439,"**"
4,"VirTaxa","Actinobacillus_vir",3.22810791644108e-07,0.0331823011921668,0.0141741530147721,0.0190081481773947,1.93686474986465e-05,"***"
4,"VirTaxa","Actinobaculum_vir",1.32236044639227e-07,0.0347888195693534,0.0138442470796075,0.0209445724897459,1.58683253567072e-05,"***"
4,"VirTaxa","Cronobacter_vir",0.0001822172897749,0.42795818277673,0.186859183480812,0.241098999295918,0.005466518693247,"**"
4,"VirTaxa","Cutibacterium_vir",1.2586819252314e-05,0.492372072059323,0.144010180719696,0.348361891339627,0.00050347277009256,"***"
4,"VirTaxa","Dickeya_vir",0.00226826882301275,0.603009350320757,0.277653524665828,0.325355825654929,0.0388846083945043,"*"
4,"VirTaxa","Hungatella_vir",0.00208253841654678,0.600621407469436,0.193647456961134,0.406973950508302,0.0388846083945043,"*"
4,"VirTaxa","Ralstonia_vir",0.00285947463457015,0.342325200331866,0.15240527114977,0.189919929182096,0.0428921195185523,"*"
4,"VirTaxa","Romboutsia_vir",0.000746315813036756,0.603028284042277,0.30998420729668,0.293044076745597,0.0179115795128821,"*"
5,"Plus BacIrep","Actinomyces_vir",1.36587932314807e-07,0.0268743682902941,0.0125886757198774,0.0142856925704167,3.33274554848129e-05,"***"
5,"Plus BacIrep","Anaerostipes_vir",3.81892977883094e-06,0.0505724932165132,0.0274204195628578,0.0231520736536554,0.000465909433017375,"***"
5,"Plus BacIrep","Yersinia_vir",0.000365060840128514,0.0313363159818793,0.0212332603133558,0.0101030556685235,0.0296916149971191,"*"
5,"Plus BacMAX","Actinomyces_vir",5.70824847318498e-07,0.00741179598228816,0.0028804365484411,0.00453135943384706,0.000195792922630245,"***"
5,"Plus BacMAX","Enterobacter_vir",3.90329144677075e-05,0.11848261321528,0.0409836577898853,0.0774989554253947,0.00669414483121184,"**"
5,"Plus BacPath","Actinomyces_vir",0.000229913009838096,0.00601274784199074,0.00289581946972302,0.00311692837226772,0.0492444511346553,"*"
5,"Plus BacPath","Anaerococcus_vir",0.000382728894828927,0.011707376242401,0.00509360004870857,0.00661377619369243,0.0492444511346553,"*"
5,"Plus BacPath","Anaerostipes_vir",0.000327258052759752,0.012711287431811,0.00589372362034256,0.00681756381146844,0.0492444511346553,"*"
5,"Plus BacRest","Actinobaculum_vir",6.66962050456491e-06,0.00979181649804207,0.00394534206857837,0.0058464744294637,0.00422186977938959,"**"
5,"Plus BacRest","Anaerococcus_vir",8.52132875528477e-05,0.01638531363039,0.00743709065627019,0.00894822297411981,0.0269700055104763,"*"
5,"Plus BacTaxa","Actinobaculum_vir",3.25596961056066e-08,0.0210028800080805,0.00926839523434,0.0117344847737405,9.44231187062591e-06,"***"
5,"Plus BacTaxa","Amedibacterium_vir",0.00017695963904622,0.0350479955476281,0.0185057511208826,0.0165422444267455,0.0171060984411346,"*"
5,"Plus BacTaxa","Anaerococcus_vir",1.67838231156346e-05,0.0409801822654797,0.022202531623801,0.0187776506416787,0.00243365435176702,"**"
5,"VirTaxa","Actinomyces_vir",4.65864214117505e-06,0.0352395444406466,0.0190166229729292,0.0162229214677174,0.000510121314458668,"***"
5,"VirTaxa","Anaerostipes_vir",2.19573623333017e-06,0.0680360159760168,0.034406876291471,0.0336291396845458,0.000480866235099307,"***"
5,"VirTaxa","Bifidobacterium_vir",0.000325956566606769,0.154771086170069,0.0819557060590073,0.0728153801110617,0.0178461220217206,"*"
5,"VirTaxa","Blautia_vir",0.00140261013438424,0.0858528183232565,0.0385965779123876,0.0472562404108689,0.0438816599185926,"*"
5,"VirTaxa","Pectobacterium_vir",0.000191508923083875,0.0985053394317675,0.0406025141101771,0.0579028253215904,0.0139801513851229,"*"
5,"VirTaxa","Peptoniphilus_vir",0.000716095284501515,0.0797074410470918,0.0396081800949125,0.0400992609521793,0.0313649734611664,"*"
5,"VirTaxa","Enterococcus_gilvus_vir",0.00103220863067324,0.145597903170137,0.0809899318183747,0.0646079713517623,0.0376756150195733,"*"
6,"Plus BacIrep","Actinobacillus_vir",3.6327843404382e-09,0.0295783835000234,0.0129372185149672,0.0166411649850562,9.40891144173494e-07,"***"
6,"Plus BacIrep","Bacillus_vir",2.2998029965043e-05,0.211434908279596,0.0960534423261494,0.115381465953447,0.00297824488047307,"**"
6,"Plus BacIrep","Cutibacterium_vir",7.25497364365535e-05,0.377194490154071,0.143404594828545,0.233789895325526,0.00626346057902245,"**"
6,"Plus BacIrep","Eggerthella_vir",0.000182652847306642,0.56193870660732,0.262899288654596,0.299039417952724,0.00946141749048406,"**"
6,"Plus BacIrep","Johnsonella_vir",0.000108518897210498,0.380571769385097,0.154378625318871,0.226193144066226,0.00702659859437975,"**"
6,"Plus BacRest","Bacillus_vir",1.67309553968651e-06,0.076562546790947,0.0229395679842305,0.0536229788067165,0.00110926234281216,"**"
6,"Plus BacRest","Cutibacterium_vir",0.000222630820199763,0.102658163664824,0.0275962659702193,0.0750618976946047,0.0295208467584886,"*"
6,"Plus BacRest","Enterobacter_vir",1.64968648316201e-05,0.213499608524913,0.0402429917779538,0.173256616746959,0.00364580712778804,"**"
6,"Plus BacRest","Escherichia_vir",4.6053150000058e-06,0.0975367164092988,0.0205920163542645,0.0769447000550343,0.00152666192250192,"**"
6,"Plus BacRest","Serratia_vir",0.000148464003433803,0.10515680423757,0.0278082288040399,0.0773485754335301,0.0246079085691528,"*"
6,"Plus BacTaxa","Actinobacillus_vir",2.43791004987258e-08,0.024459967268595,0.0101498991875712,0.0143100680810238,6.46046163216234e-06,"***"
6,"Plus BacTaxa","Bacillus_vir",0.000369126210930227,0.131732984715582,0.0645467732717245,0.0671862114438575,0.0326061486321701,"*"
6,"Plus BacTaxa","Eggerthella_vir",0.000237278480713067,0.426890551151098,0.181820519657637,0.245070031493461,0.0314393986944814,"*"
6,"VirTaxa","Actinobacillus_vir",9.78182226121001e-21,0.0440794109707218,0.0124077540400048,0.031671656930717,2.17156454198862e-18,"***"
6,"VirTaxa","Cutibacterium_vir",8.43193797129995e-06,0.490082160509436,0.170209848988135,0.319872311521301,0.000935945114814295,"***"
6,"VirTaxa","Eggerthella_vir",0.000214901643108329,0.662361422582565,0.331475035678418,0.330886386904147,0.0121343651177689,"*"
6,"VirTaxa","Erwinia_vir",0.000582959067562693,0.412792867553842,0.203483686495634,0.209309181058208,0.0258833825997836,"*"
6,"VirTaxa","Haemophilus_vir",0.00143874693957206,0.162067874669163,0.0744803472796446,0.0875875273895184,0.0456288315121425,"*"
6,"VirTaxa","Johnsonella_vir",0.000218637209329169,0.418642782005541,0.199571732940274,0.219071049065267,0.0121343651177689,"*"
6,"VirTaxa","Escherichia_fergusonii_vir",0.00099774467937569,0.234897835857678,0.106847374733481,0.128050461124197,0.0369165531369005,"*"
7,"Plus BacIrep","Actinobacillus_vir",6.96827046109066e-09,0.0265456212608865,0.0130495271541165,0.01349609410677,4.94747202737437e-07,"***"
7,"Plus BacMAX","Bariatricus_vir",7.86986456816409e-06,0.0282946085118695,0.0142867902370131,0.0140078182748564,0.003069247181584,"**"
7,"Plus BacMAX","Pantoea_anthophila_vir",2.25850416015479e-05,0.00711576214262677,0.00381350840731446,0.00330225373531231,0.00440408311230184,"**"
7,"Plus BacPath","Actinobacillus_vir",1.01661461199481e-11,0.00788781025896125,0.00222675318039942,0.00566105707856183,3.57848343422173e-09,"***"
7,"Plus BacRest","Actinobacillus_vir",4.85345134083437e-11,0.0155606190798257,0.00496586640247807,0.0105947526773476,3.85849381596332e-08,"***"
7,"Plus BacRest","Bariatricus_vir",0.00024190857528369,0.0457901669902219,0.0221666251671661,0.0236235418230558,0.0391098612490471,"*"
7,"Plus BacRest","Dickeya_vir",0.000158756266812046,0.0751640522590255,0.033312069829269,0.0418519824297565,0.0391098612490471,"*"
7,"Plus BacRest","Enterobacter_vir",0.00017908592855142,0.106840935160308,0.0437080702142645,0.0631328649460435,0.0391098612490471,"*"
7,"Plus BacRest","Lachnoclostridium_vir",0.000245973970119793,0.0541034065206177,0.0196272761488327,0.034476130371785,0.0391098612490471,"*"
7,"Plus BacTaxa","Actinobacillus_vir",8.11559015607404e-13,0.0255684249760059,0.0110595146793243,0.0145089102966816,9.90101999041033e-11,"***"
7,"VirTaxa","Actinobacillus_vir",4.71970665157238e-15,0.0350271016179567,0.0142488023493623,0.0207782992685944,3.16220345655349e-13,"***"
8,"Plus BacIrep","Acinetobacter_vir",3.90640904887165e-05,0.0171774436974368,0.00986448055850119,0.00731296313893561,0.00406266541082652,"**"
8,"Plus BacIrep","Bariatricus_vir",1.88279269678828e-05,0.264903133340997,0.0779665095053492,0.186936623835648,0.00391620880931962,"**"
8,"Plus BacIrep","Cutibacterium_vir",0.00039165911831492,0.250681038298444,0.0906097692322783,0.160071269066166,0.0271550322031678,"*"
8,"VirTaxa","Acinetobacter_vir",9.5218578566298e-06,0.0252755072518668,0.0129421733651147,0.0123333338867521,0.00139971310492458,"**"
8,"VirTaxa","Atlantibacter_vir",0.00109394440337041,0.247412099576671,0.082203821187921,0.16520827838875,0.0402024568238626,"*"
8,"VirTaxa","Bariatricus_vir",0.000636552470822126,0.273502743395069,0.117373768950383,0.156128974444686,0.0311910710702842,"*"
8,"VirTaxa","Cutibacterium_vir",0.000383083588275728,0.349078432627682,0.14556791074685,0.203510521880832,0.028156643738266,"*"
